date,signal_date,execution_price_mode,strategy_value,benchmark_value,strategy_flow,benchmark_flow,cash,cash_pct,spy_weight_actual,qqq_weight_actual,equity_exposure,multiplier,target_spy_weight,target_qqq_weight,core_spy_weight,core_qqq_weight,satellite_spy_weight,satellite_qqq_weight,panic_tier,satellite_signal,decision_cash_reservoir_pct,regime,reason,cape,vix,rsi14,spy_close,qqq_close,spy_trade_price,qqq_trade_price,trend_up,qqq_trend_up,spy_drawdown_252d,vix_sma20,spy_ret_21d,qqq_rel_63d,qqq_rel_126d,strategy_nav,benchmark_nav
2018-09-05,2018-09-04,next_open,99227.3903742582,99227.3903742582,0.0,0.0,0.0,0.0,0.5024766512537994,0.49752334874620063,1.0,1.0,0.5,0.5,0.4,0.4,0.1,0.1,0,neutral_satellite,0.0,elevated,CAPE=32.4:elevated; neutral_satellite,32.390276880301116,13.16,65.19488924842604,256.5600280761719,174.53494262695312,256.8973427625893,176.50435454071743,True,True,-0.005729855010925045,12.6745,0.02189666166405213,0.006657972690625735,0.0334015521543749,1.0,1.0
2018-09-06,2018-09-05,next_open,100620.20286623038,100620.20286623038,2000.0,2000.0,0.0,0.0,0.5039191879242974,0.49608081207570265,1.0,1.0,0.5,0.5,0.4,0.4,0.1,0.1,0,neutral_satellite,0.019757498366851048,elevated,CAPE=32.4:elevated; neutral_satellite,32.390276880301116,13.91,61.63232971526268,255.78778076171875,172.9746551513672,256.6665543659955,174.611070211079,True,True,-0.008405768896201704,12.8235,0.01542242992968279,-0.0011570961763431864,0.02007346701363133,0.9938808477605056,0.9938808477605056
2018-09-07,2018-09-06,next_open,100329.48891333556,100329.48891333556,0.0,0.0,0.0,0.0,0.5043973311599607,0.4956026688400393,1.0,1.0,0.5,0.5,0.4,0.4,0.1,0.1,0,neutral_satellite,0.0,elevated,CAPE=32.4:elevated; neutral_satellite,32.390276880301116,14.65,57.836025779483776,255.29075622558594,172.30865478515625,254.7404119315528,171.72829818290577,True,True,-0.011390473831491832,13.013499999999999,0.009033825878620672,0.0009335968084396296,0.013335112168081587,0.9910093068400103,0.9910093068400103
2018-09-10,2018-09-07,next_open,100584.95054294943,100584.95054294943,0.0,0.0,0.0,0.0,0.5039909993056572,0.4960090006943427,1.0,1.0,0.5,0.5,0.4,0.4,0.1,0.1,0,neutral_satellite,0.0,elevated,CAPE=32.4:elevated; neutral_satellite,32.390276880301116,14.88,55.467923771227476,255.73460388183594,172.88902282714844,256.30269164555915,173.29811931096566,True,True,-0.013311453753586444,13.193999999999999,0.007496577341837396,0.0019172315053770372,0.00938915647496752,0.9935326412577361,0.9935326412577361
2018-09-11,2018-09-10,next_open,101136.45259058275,101136.45259058275,0.0,0.0,0.0,0.0,0.5028954243807797,0.4971045756192202,1.0,1.0,0.5,0.5,0.4,0.4,0.1,0.1,0,neutral_satellite,0.0,elevated,CAPE=32.4:elevated; neutral_satellite,32.390276880301116,14.16,57.15503061048858,256.57781982421875,174.22093200683594,255.08655922474992,172.194453264169,True,True,-0.01159600034205277,13.244,0.010629449703438043,0.0021815900809263322,0.004425495044948047,0.9989801290089999,0.9989801290089999
2018-09-12,2018-09-11,next_open,101000.53928385026,101000.53928385026,0.0,0.0,0.0,0.0,0.5036941619265862,0.49630583807341366,1.0,1.0,0.5,0.5,0.4,0.4,0.1,0.1,0,neutral_satellite,0.0,elevated,CAPE=32.4:elevated; neutral_satellite,32.390276880301116,13.22,60.23706603130818,256.6399841308594,173.70724487304688,256.58672675418035,173.96412787119988,True,True,-0.008337004502711354,13.166,0.020800923141814698,0.0026107722669335143,0.01615190998306537,0.9976376388462957,0.9976376388462957
2018-09-13,2018-09-12,next_open,103839.95208086388,103839.95208086388,2000.0,2000.0,0.0,0.0,0.5024514055888321,0.49754859441116805,1.0,1.0,0.5,0.5,0.4,0.4,0.1,0.1,0,neutral_satellite,0.01941737406333741,elevated,CAPE=32.4:elevated; neutral_satellite,32.390276880301116,13.14,60.46286913514042,258.15789794921875,175.5624542236328,257.70521020465293,174.79181985392282,True,True,-0.008096741947754449,13.157499999999999,0.024884927752049757,-0.003720118471289613,0.007888911227763362,1.005928978741784,1.005928978741784
2018-09-14,2018-09-13,next_open,103697.71631299643,103697.71631299643,0.0,0.0,0.0,0.0,0.5032270082873498,0.4967729917126502,1.0,1.0,0.5,0.5,0.4,0.4,0.1,0.1,0,neutral_satellite,0.0,elevated,CAPE=32.4:elevated; neutral_satellite,32.390276880301116,12.37,65.59979419532496,258.2022399902344,175.04867553710938,258.3620120999993,175.68611392280758,True,True,-0.0022300658451503974,13.044,0.02441011290551387,-0.006537830326655447,0.012444540801725745,1.0045510978987726,1.0045510978987726
2018-09-17,2018-09-14,next_open,102679.4841466744,102679.4841466744,0.0,0.0,0.0,0.0,0.5055265897247416,0.4944734102752583,1.0,1.0,0.5,0.5,0.4,0.4,0.1,0.1,0,neutral_satellite,0.0,elevated,CAPE=32.6:elevated; neutral_satellite,32.622891120500185,12.07,65.73983056209242,256.835205078125,172.52748107910156,258.1489499112022,174.7537614478204,True,True,-0.002058685632900792,12.975,0.03229451387293869,-0.007413734641631198,0.01341577177979203,0.9946871753654425,0.9946871753654425
2018-09-18,2018-09-17,next_open,103381.11970322623,103381.11970322623,0.0,0.0,0.0,0.0,0.5048200654272743,0.4951799345727258,1.0,1.0,0.5,0.5,0.4,0.4,0.1,0.1,0,neutral_satellite,0.0,elevated,CAPE=32.6:elevated; neutral_satellite,32.622891120500185,13.68,57.91270573936644,258.22882080078125,173.95460510253906,257.04821944492636,172.67021914219114,True,True,-0.0073422208068316674,13.027000000000001,0.018587397038838382,-0.01795838338025424,0.012145123522061763,1.0014841309177858,1.0014841309177858
2018-09-19,2018-09-18,next_open,103397.51720237263,103397.51720237263,0.0,0.0,0.0,0.0,0.5052778152046484,0.4947221847953516,1.0,1.0,0.5,0.5,0.4,0.4,0.1,0.1,0,neutral_satellite,0.0,elevated,CAPE=32.6:elevated; neutral_satellite,32.622891120500185,12.79,62.77812272540486,258.50396728515625,173.8213653564453,258.2820526105103,173.98310216174224,True,True,-0.0019559518649245877,13.041999999999998,0.02052183532130636,-0.016166520405977547,0.013400660028835887,1.001642978444578,1.001642978444578
2018-09-20,2018-09-19,next_open,106390.8121910255,106390.8121910255,2000.0,2000.0,0.0,0.0,0.5044567815160309,0.4955432184839691,1.0,1.0,0.5,0.5,0.4,0.4,0.1,0.1,0,neutral_satellite,0.01897577906090351,elevated,CAPE=32.6:elevated; neutral_satellite,32.622891120500185,11.75,63.671072940590605,260.598876953125,175.74322509765625,259.764502544375,175.02016378970254,True,True,-0.000892521724771389,12.986500000000001,0.019427552252134106,-0.023228392488946703,0.014020683805960443,1.0112653270060141,1.0112653270060141
2018-09-21,2018-09-20,next_open,106053.53275934907,106053.53275934907,0.0,0.0,0.0,0.0,0.5055989041867471,0.4944010958132529,1.0,1.0,0.5,0.5,0.4,0.4,0.1,0.1,0,neutral_satellite,0.0,elevated,CAPE=32.6:elevated; neutral_satellite,32.622891120500185,11.8,69.64253287907468,260.3608703613281,174.78231811523438,261.34172092502115,176.21893196641733,True,True,0.0,12.964000000000002,0.025284508123190497,-0.017976095079152765,0.01666230497553034,1.008059420520835,1.008059420520835
2018-09-24,2018-09-21,next_open,106021.21559291166,106021.21559291166,0.0,0.0,0.0,0.0,0.504072769521638,0.495927230478362,1.0,1.0,0.5,0.5,0.4,0.4,0.1,0.1,0,neutral_satellite,0.0,elevated,CAPE=32.6:elevated; neutral_satellite,32.622891120500185,11.68,68.2695554614353,259.4958801269531,175.26841735839844,259.7812233520926,173.51468824230875,True,True,-0.0009133062835097183,12.9275,0.024956471061861052,-0.018492168151221122,0.017263117967314834,1.0077522395790584,1.0077522395790584
2018-09-25,2018-09-24,next_open,106043.11864518841,106043.11864518841,0.0,0.0,0.0,0.0,0.503501204238377,0.496498795761623,1.0,1.0,0.5,0.5,0.4,0.4,0.1,0.1,0,neutral_satellite,0.0,elevated,CAPE=32.6:elevated; neutral_satellite,32.622891120500185,12.2,63.37917842183315,259.25518798828125,175.5066680908203,259.95069522871887,175.19213826555557,True,True,-0.004232546352723854,12.937999999999999,0.022909466106224352,-0.0034725717066098616,0.013822222392547268,1.0079604323437052,1.0079604323437052
2018-09-26,2018-09-25,next_open,105920.51844156586,105920.51844156586,0.0,0.0,0.0,0.0,0.5025756472876631,0.4974243527123368,1.0,1.0,0.5,0.5,0.4,0.4,0.1,0.1,0,neutral_satellite,0.0,elevated,CAPE=32.6:elevated; neutral_satellite,32.622891120500185,12.42,62.04727310289061,258.47943115234375,175.63055419921875,259.3978577222201,175.65914649373795,True,True,-0.0051561579257513035,12.950999999999999,0.015846879564325178,-0.0030525763435533815,0.03226049822877419,1.006795093603883,1.006795093603883
2018-09-27,2018-09-26,next_open,108517.65121207276,108517.65121207276,2000.0,2000.0,0.0,0.0,0.501128398347125,0.4988716016528751,1.0,1.0,0.5,0.5,0.4,0.4,0.1,0.1,0,neutral_satellite,0.018532157080795628,elevated,CAPE=32.6:elevated; neutral_satellite,32.622891120500185,12.89,57.82912559866962,259.20166015625,177.11746215820312,258.95199161647935,176.34544089942437,True,True,-0.008132981329625921,12.970500000000001,0.0048736619496903,0.006037021828754208,0.04504964000654277,1.0124709565284786,1.0124709565284786
2018-09-28,2018-09-27,next_open,108511.59091743415,108511.59091743415,0.0,0.0,0.0,0.0,0.5012080740013123,0.4987919259986877,1.0,1.0,0.5,0.5,0.4,0.4,0.1,0.1,0,neutral_satellite,0.0,elevated,CAPE=32.6:elevated; neutral_satellite,32.622891120500185,12.41,60.520097318748036,259.2283935546875,177.07928466796875,258.5774594102581,176.62179339745992,True,True,-0.005361561082729893,12.9785,0.007194841789492923,0.008834231661788206,0.04524643585896593,1.0124144139085356,1.0124144139085356
2018-10-01,2018-09-28,next_open,108811.25633051599,108811.25633051599,0.0,0.0,0.0,0.0,0.5015642385930336,0.49843576140696644,1.0,1.0,0.5,0.5,0.4,0.4,0.1,0.1,0,neutral_satellite,0.0,elevated,CAPE=32.6:elevated; neutral_satellite,32.622891120500185,12.12,60.62026629425875,260.1289978027344,177.44151306152344,260.4678122787801,178.10869101101144,True,True,-0.005258976609803345,12.908000000000001,0.001907356787535175,0.007257672440001306,0.05273216376915335,1.015210295721611,1.015210295721611
2018-10-02,2018-10-01,next_open,108657.10826420676,108657.10826420676,0.0,0.0,0.0,0.0,0.5019831661485056,0.4980168338514944,1.0,1.0,0.5,0.5,0.4,0.4,0.1,0.1,0,neutral_satellite,0.0,elevated,CAPE=32.6:elevated; neutral_satellite,32.622891120500185,12.0,63.93960899866069,259.9774475097656,177.0412139892578,259.9774475097656,177.289018797445,True,True,-0.001803074348916467,12.865,0.009474884952478169,0.0012665248956764685,0.05285877765455371,1.013772092457903,1.013772092457903
2018-10-03,2018-10-02,next_open,108745.27990693071,108745.27990693071,0.0,0.0,0.0,0.0,0.5018512894878079,0.49814871051219206,1.0,1.0,0.5,0.5,0.4,0.4,0.1,0.1,0,neutral_satellite,0.0,elevated,CAPE=32.6:elevated; neutral_satellite,32.622891120500185,12.05,62.97761360877923,260.12005615234375,177.23179626464844,261.0295570381276,177.7846049123583,True,True,-0.002384620573292584,12.8095,0.00885188094920597,0.007723460082480926,0.045848651611668734,1.0145947349169895,1.0145947349169895
2018-10-04,2018-10-03,next_open,109254.57939872165,109254.57939872165,2000.0,2000.0,0.0,0.0,0.5046925423194585,0.4953074576805415,1.0,1.0,0.5,0.5,0.4,0.4,0.1,0.1,0,neutral_satellite,0.01805946042739502,elevated,CAPE=32.6:elevated; neutral_satellite,32.622891120500185,11.61,63.53360692747446,258.08709716796875,173.82920837402344,259.63860706605675,176.5169865033729,True,True,-0.0018373862787880446,12.6945,0.01114732457329759,0.004018846576801849,0.048684446439004825,1.0006864817195962,1.0006864817195962
2018-10-05,2018-10-04,next_open,108284.29083557958,108284.29083557958,0.0,0.0,0.0,0.0,0.5063649673073901,0.4936350326926099,1.0,1.0,0.5,0.5,0.4,0.4,0.1,0.1,0,neutral_satellite,0.0,elevated,CAPE=32.6:elevated; neutral_satellite,32.622891120500185,14.22,51.63008541455271,256.6426696777344,171.70370483398438,258.31010254183934,173.81009591550182,True,True,-0.009638490443717673,12.672999999999998,0.005952092784085261,-0.014438039743234654,0.039563886899196765,0.9917993974999048,0.9917993974999048
2018-10-08,2018-10-05,next_open,107957.92364083222,107957.92364083222,0.0,0.0,0.0,0.0,0.507895757344148,0.49210424265585195,1.0,1.0,0.5,0.5,0.4,0.4,0.1,0.1,0,neutral_satellite,0.0,elevated,CAPE=32.6:elevated; neutral_satellite,32.622891120500185,14.82,45.15651105627652,256.6426696777344,170.65533447265625,255.95606046650818,171.10329992451085,True,True,-0.015181213831946927,12.67,0.003342180433599351,-0.021002398346970597,0.030484164570621308,0.9888101293002758,0.9888101293002758
2018-10-09,2018-10-08,next_open,108049.96732186223,108049.96732186223,0.0,0.0,0.0,0.0,0.5067222712404109,0.49327772875958903,1.0,1.0,0.5,0.5,0.4,0.4,0.1,0.1,0,neutral_satellite,0.0,elevated,CAPE=32.6:elevated; neutral_satellite,32.622891120500185,15.69,45.15651105627652,256.26800537109375,171.2081298828125,256.25910710370897,170.77921630325477,True,True,-0.015181213831946927,12.746500000000001,0.00529558324843471,-0.0241941303558173,0.01801694289179112,0.989653177416349,0.989653177416349
2018-10-10,2018-10-09,next_open,103972.33691282757,103972.33691282757,0.0,0.0,0.0,0.0,0.5099215702246781,0.4900784297753219,1.0,1.0,0.5,0.5,0.4,0.4,0.1,0.1,0,neutral_satellite,0.0,elevated,CAPE=32.6:elevated; neutral_satellite,32.622891120500185,15.95,43.51517330993151,248.15380859375,163.67849731445312,255.75981569841878,170.14061831601543,True,True,-0.016618918825234474,12.883000000000001,0.0020857618842393677,-0.02180863077993056,0.02334936590122405,0.952305272639943,0.952305272639943
2018-10-11,2018-10-10,next_open,104143.5656642569,104143.5656642569,2000.0,2000.0,0.0,0.0,0.5072876263520144,0.4927123736479856,1.0,1.0,0.5,0.5,0.4,0.4,0.1,0.1,0,neutral_satellite,0.01887284982348924,elevated,CAPE=32.6:elevated; neutral_satellite,32.622891120500185,22.96,23.55041541601497,242.6878204345703,161.64840698242188,247.0659319900336,163.0018293507434,True,True,-0.047755648469711365,13.374,-0.03283218805210841,-0.042002537491530934,0.006525141973823256,0.9355551585790622,0.9355551585790622
2018-10-12,2018-10-11,next_open,106305.31680176742,106305.31680176742,0.0,0.0,0.0,0.0,0.5038737928927618,0.4961262071072382,1.0,0.5,0.6000000000000001,0.4,0.4,0.4,0.2,0.0,0,qqq_weak_satellite_to_spy,0.0,elevated,CAPE=32.6:elevated; below_sma200_cap; qqq_weak_satellite_to_spy,32.622891120500185,24.98,17.66939340197709,246.0583038330078,166.14706420898438,246.78945836571,166.00408818956052,False,False,-0.0687303672524131,14.004500000000002,-0.05436473098118233,-0.03262216306359034,0.018724505721028573,0.9549748645912624,0.9549748645912624
2018-10-15,2018-10-12,next_open,105366.06558883467,105366.06558883467,0.0,0.0,0.0,0.0,0.5055099827204119,0.4944900172795881,1.0,1.0,0.5,0.5,0.4,0.4,0.1,0.1,0,neutral_satellite,0.0,elevated,CAPE=32.6:elevated; neutral_satellite,32.622891120500185,21.31,29.380248491590464,244.6762237548828,164.135986328125,245.70164711563956,165.56565922687395,True,True,-0.055796760485397834,14.466500000000002,-0.04686896745104041,-0.017845430064036716,0.03334678909413591,0.9465372687411862,0.9465372687411862
2018-10-16,2018-10-15,next_open,108046.51349614366,108046.51349614366,0.0,0.0,0.0,0.0,0.5037483982178803,0.4962516017821197,1.0,1.0,0.5,0.5,0.4,0.4,0.1,0.1,0,neutral_satellite,0.0,elevated,CAPE=31.0:elevated; neutral_satellite,31.0379610780065,21.3,27.64384203368489,250.02630615234375,168.91110229492188,246.63794334214083,165.8611361051867,True,True,-0.0611002372090278,14.8475,-0.052385355897234476,-0.02622966000135174,0.015724676345981736,0.9706165947272949,0.9706165947272949
2018-10-17,2018-10-16,next_open,108077.41080187882,108077.41080187882,0.0,0.0,0.0,0.0,0.5036942839338264,0.4963057160661735,1.0,1.0,0.5,0.5,0.4,0.4,0.1,0.1,0,neutral_satellite,0.0,elevated,CAPE=31.0:elevated; neutral_satellite,31.0379610780065,17.62,41.94701605157256,250.07093811035156,168.9778289794922,250.06201262855035,169.73079831702663,True,True,-0.04057028535346674,15.088999999999999,-0.02651076951740361,-0.015423221129560738,0.02157376956432988,0.9708941551659295,0.9708941551659295
2018-10-18,2018-10-17,next_open,108014.59213520557,108014.59213520557,2000.0,2000.0,0.0,0.0,0.5058538663914239,0.4941461336085761,1.0,1.0,0.5,0.5,0.4,0.4,0.1,0.1,0,neutral_satellite,0.01816903200602774,elevated,CAPE=31.0:elevated; neutral_satellite,31.0379610780065,17.4,42.04993160872713,246.4595947265625,165.0605010986328,249.13462656631208,168.33922006602563,True,True,-0.040399018468015635,15.371500000000001,-0.03159168161451409,-0.013992542460557256,0.025553925523275955,0.9523631913708066,0.9523631913708066
2018-10-19,2018-10-18,next_open,107935.64076903679,107935.64076903679,0.0,0.0,0.0,0.0,0.5059491440213347,0.49405085597866527,1.0,1.0,0.5,0.5,0.4,0.4,0.1,0.1,0,neutral_satellite,0.0,elevated,CAPE=31.0:elevated; neutral_satellite,31.0379610780065,20.06,36.42335813060701,246.32583618164062,164.90805053710938,247.11051650237442,166.39490841410512,True,True,-0.054256880888653214,15.7845,-0.046592602369260994,-0.02363617191735634,0.02404620889412934,0.9516670782479291,0.9516670782479291
2018-10-22,2018-10-19,next_open,107964.80566076576,107964.80566076576,0.0,0.0,0.0,0.0,0.5035419993669262,0.4964580006330737,1.0,1.0,0.5,0.5,0.4,0.4,0.1,0.1,0,neutral_satellite,0.0,elevated,CAPE=31.0:elevated; neutral_satellite,31.0379610780065,19.89,36.22999024344575,245.2201385498047,165.7563018798828,246.9945673475131,165.89926337181694,True,True,-0.05477015456997436,16.195,-0.05477015456997436,-0.02529771718726137,0.026094816395448417,0.9519242247020694,0.9519242247020694
2018-10-23,2018-10-22,next_open,107490.80505543224,107490.80505543224,0.0,0.0,0.0,0.0,0.5031878500886101,0.4968121499113899,1.0,1.0,0.5,0.5,0.4,0.4,0.1,0.1,0,neutral_satellite,0.0,elevated,CAPE=31.0:elevated; neutral_satellite,31.0379610780065,19.64,34.59499257840638,243.97183227539062,165.14630126953125,241.5999944163272,162.63960323751462,True,True,-0.059013064764997236,16.567,-0.05815286986293744,-0.014973779112224417,0.04419445733572047,0.9477449678046118,0.9477449678046118
2018-10-24,2018-10-23,next_open,103407.93822767783,103407.93822767783,0.0,0.0,0.0,0.0,0.5072074423603361,0.49279255763966395,1.0,0.5,0.5,0.5,0.4,0.4,0.1,0.1,0,neutral_satellite,0.0,elevated,CAPE=31.0:elevated; below_sma200_cap; neutral_satellite,31.0379610780065,20.71,32.795568448289956,236.579833984375,157.58807373046875,243.72215084103613,164.95566516769952,False,True,-0.06380320925452476,16.981500000000004,-0.059823870205444774,-0.01888371096067909,0.04700397059292616,0.9117463864540941,0.9117463864540941
2018-10-25,2018-10-24,next_open,108135.9314884251,108137.66130860712,2000.0,2000.0,0.0,0.0,0.5049250134135128,0.49507498658648713,1.0,1.25,0.6000000000000001,0.4,0.4,0.4,0.2,0.0,2,risk_off_satellite_to_spy,0.018973903044000946,elevated,"CAPE=31.0:elevated; falling_knife_guard; panic_ladder_2:tier1_dip:VIX=25.2,RSI=24.6,DD=-9.2%,tier2_panic:VIX=25.2,RSI=24.6,DD=-9.2%; risk_off_satellite_to_spy",31.0379610780065,25.23,24.62684119091415,240.8241729736328,163.03993225097656,238.41666079304213,160.0376242958517,False,False,-0.09216863575766832,17.598499999999998,-0.08746345320939619,-0.021992903302809563,0.01931713229924159,0.9357990659716104,0.9358143177726539
2018-10-26,2018-10-25,next_open,105798.61638308197,105798.66081822626,0.0,0.0,0.0,0.0,0.5070033984263224,0.49299660157367764,1.0,0.5,0.6000000000000001,0.4,0.4,0.4,0.2,0.0,0,qqq_weak_satellite_to_spy,0.0,elevated,CAPE=31.0:elevated; below_sma200_cap; qqq_weak_satellite_to_spy,31.0379610780065,24.22,34.68633596691272,236.58871459960938,158.84622192382812,237.11482812759004,157.45466698931955,False,False,-0.07588176975547423,18.189,-0.06830430607186377,0.0007801240453197966,0.03632732031281316,0.9155721417443422,0.9155728022665159
2018-10-29,2018-10-26,next_open,104427.96086567885,104425.02376243324,0.0,0.0,0.0,0.0,0.5108122116161263,0.4891877883838736,1.0,1.25,0.4,0.6000000000000001,0.4,0.4,0.0,0.2,2,panic_tier_2_satellite_to_qqq,0.0,elevated,"CAPE=31.0:elevated; falling_knife_guard; panic_ladder_2:tier1_dip:VIX=24.2,RSI=30.3,DD=-9.2%,tier2_panic:VIX=24.2,RSI=30.3,DD=-9.2%; panic_tier_2_satellite_to_qqq",31.0379610780065,24.16,30.335386636572693,235.2779541015625,155.57699584960938,239.682842042878,161.27663543027518,False,False,-0.09213455803892212,18.791,-0.08724074353153932,0.0014610471880434073,0.027129689455397843,0.9037106065885464,0.903685461550263
2018-10-30,2018-10-29,next_open,106060.29880263096,106057.64073657352,0.0,0.0,0.0,0.0,0.5104034118893666,0.48959658811063345,1.0,1.25,0.4,0.6000000000000001,0.4,0.4,0.0,0.2,2,panic_tier_2_satellite_to_qqq,0.0,elevated,"CAPE=31.0:elevated; falling_knife_guard; panic_ladder_2:tier1_dip:VIX=24.7,RSI=29.1,DD=-9.7%,tier2_panic:VIX=24.7,RSI=29.1,DD=-9.7%; panic_tier_2_satellite_to_qqq",31.0379610780065,24.7,29.118090883525056,238.764404296875,158.14089965820312,235.1085493894077,155.1195256955454,False,False,-0.09716435906251841,19.426,-0.09239126595934544,-0.01635159797393193,0.0019370893053842764,0.9178367189336675,0.9178139929180626
2018-10-31,2018-10-30,next_open,107859.03647101168,107858.88073263472,0.0,0.0,0.0,0.0,0.5072520971017045,0.49274790289829556,1.0,1.25,0.45,0.55,0.4,0.4,0.05,0.15,1,dip_buy_satellite_balanced_or_qqq_tilt,0.0,elevated,"CAPE=31.0:elevated; falling_knife_guard; panic_ladder_1:tier1_dip:VIX=23.4,RSI=36.4,DD=-8.4%; dip_buy_satellite_balanced_or_qqq_tilt",31.0379610780065,23.35,36.42566460353235,241.3145751953125,161.85804748535156,241.33239894085352,160.71429748881647,False,False,-0.08378575115723719,19.991,-0.08213076468337821,-0.020108040718535336,0.002749678146810597,0.9334028402666013,0.9334017738785582
2018-11-01,2018-10-31,next_open,111149.71858813475,111158.39473707328,2000.0,2000.0,1000.0,0.008996873880585336,0.5029008195685393,0.4881023065508754,0.9910031261194147,0.5,0.6000000000000001,0.4,0.4,0.4,0.2,0.0,0,qqq_weak_satellite_to_spy,0.01820514783531473,elevated,CAPE=31.0:elevated; below_sma200_cap; qqq_weak_satellite_to_spy,31.0379610780065,21.23,41.2007392821158,243.88267517089844,163.99305725097656,242.17956820563373,162.09636663685743,False,False,-0.07399994191564085,20.472,-0.07178650491886251,-0.01566137383175137,0.013361287971876079,0.9445722924833172,0.9446476598796353
2018-11-02,2018-11-01,next_open,109973.59190900042,109968.4674582718,0.0,0.0,1000.0,0.009093092101851757,0.5052685517350061,0.4856383561631422,0.9909069078981483,0.5,0.5,0.5,0.4,0.4,0.1,0.1,0,neutral_satellite,0.008996873880585336,elevated,CAPE=31.0:elevated; below_sma200_cap; neutral_satellite,31.0379610780065,19.34,45.629563879626524,242.43812561035156,161.43869018554688,244.9883093263752,163.48788246651003,False,True,-0.0641453331559575,20.728,-0.06242264138193021,-0.011977662827510449,0.009907074347527356,0.9345773353419745,0.9345354050022098
2018-11-05,2018-11-02,next_open,110147.71337877013,110141.69524388353,0.0,0.0,1000.0,0.00907871774479106,0.5072530328951812,0.4836682493600277,0.9909212822552089,0.5,0.6000000000000001,0.4,0.4,0.4,0.2,0.0,0,qqq_weak_satellite_to_spy,0.009093092101851757,elevated,CAPE=31.0:elevated; below_sma200_cap; qqq_weak_satellite_to_spy,31.0379610780065,19.51,43.638471771440216,243.7756805419922,161.03834533691406,242.92857618600445,161.64833846327656,False,False,-0.06968852496643752,20.9625,-0.060634459178067646,-0.02373016942028261,-0.004785696990787125,0.9360570540309654,0.9360075315356248
2018-11-06,2018-11-05,next_open,110904.87970122157,110906.1450572421,0.0,0.0,1000.0,0.009016735807243164,0.5069778298859959,0.4840054343067609,0.9909832641927568,0.5,0.6000000000000001,0.4,0.4,0.4,0.2,0.0,0,qqq_weak_satellite_to_spy,0.00907871774479106,elevated,CAPE=31.0:elevated; below_sma200_cap; qqq_weak_satellite_to_spy,31.0379610780065,19.96,45.98861437732714,245.31825256347656,162.2583770751953,243.71324432036943,161.0479163992154,False,False,-0.06455590525878929,21.176000000000002,-0.05013581393888722,-0.031823837849745296,-0.011689959805972205,0.942491603196486,0.9425039884968168
2018-11-07,2018-11-06,next_open,113792.39566450802,113823.08555684083,0.0,0.0,1000.0,0.008787933448103871,0.5046916060765744,0.4865204604753217,0.9912120665518961,1.0,0.6000000000000001,0.4,0.4,0.4,0.2,0.0,0,qqq_weak_satellite_to_spy,0.009016735807243164,elevated,CAPE=31.0:elevated; qqq_weak_satellite_to_spy,31.0379610780065,19.91,48.648034979397856,250.57028198242188,167.3480224609375,247.49398398051218,164.20273837922238,True,False,-0.058636570380911635,21.374,-0.0441252311179503,-0.0322014895977244,-0.01167144940230369,0.967030284964366,0.967292768718695
2018-11-08,2018-11-07,next_open,115331.67350739302,115356.71670425027,2000.0,2000.0,1000.0,0.008670645015273256,0.5057215909350301,0.4856077640496966,0.9913293549847267,1.0,0.5,0.5,0.4,0.4,0.1,0.1,0,neutral_satellite,0.0259084371023126,elevated,CAPE=31.0:elevated; neutral_satellite,31.0379610780065,16.36,56.5012098962922,250.115478515625,166.28050231933594,249.76771131269436,166.5664252758008,True,True,-0.038482878698310796,21.044,-0.02223345587140768,-0.023511136489020146,-0.003036826855755348,0.9631149769485486,0.9633294671049709
2018-11-09,2018-11-08,next_open,113818.11905977137,113827.32604570733,0.0,0.0,1000.0,0.008785947336511965,0.5074410347094402,0.48377301795404787,0.991214052663488,1.0,0.5,0.5,0.4,0.4,0.1,0.1,0,neutral_satellite,0.008670645015273256,elevated,CAPE=31.0:elevated; neutral_satellite,31.0379610780065,16.72,55.70674035729836,247.6723175048828,163.4783172607422,248.80473797998025,164.7268958006214,True,True,-0.040228102899252716,20.631,0.007905056678321642,-0.027053723682949893,-0.003627342376445797,0.950475543975801,0.950557717611903
2018-11-12,2018-11-09,next_open,111072.82660450871,111053.82269814512,0.0,0.0,1000.0,0.009003102113900896,0.5102669699930712,0.4807299278930278,0.9909968978860991,1.0,0.6000000000000001,0.4,0.4,0.4,0.2,0.0,0,qqq_weak_satellite_to_spy,0.008785947336511965,elevated,CAPE=31.0:elevated; qqq_weak_satellite_to_spy,31.0379610780065,17.36,51.51614376809844,243.0444793701172,158.5316925048828,247.16402399269808,162.33462833709405,True,False,-0.04960328148523585,20.4335,0.02053871950140307,-0.03656315618915151,-0.011974728561175874,0.9275500786690148,0.9273965391547276
2018-11-13,2018-11-12,next_open,111011.73054019717,110993.01727505816,0.0,0.0,1000.0,0.009008057032656577,0.5095925829809427,0.48139935998640077,0.9909919429673434,0.5,0.6000000000000001,0.4,0.4,0.4,0.2,0.0,0,qqq_weak_satellite_to_spy,0.009003102113900896,elevated,CAPE=31.0:elevated; below_sma200_cap; qqq_weak_satellite_to_spy,31.0379610780065,20.45,44.66249500534457,242.58975219726562,158.66513061523438,243.50817883431395,159.27512392338372,False,False,-0.06736175454111948,20.391000000000002,-0.012248415988984518,-0.047817407679122015,-0.01949231403838103,0.9270398759399503,0.9268887606959351
2018-11-14,2018-11-13,next_open,110217.27561505436,110191.23214129348,0.0,0.0,1000.0,0.009072987827176995,0.5097567336500805,0.4811702785227425,0.990927012172823,0.5,0.6000000000000001,0.4,0.4,0.4,0.2,0.0,0,qqq_weak_satellite_to_spy,0.009008057032656577,elevated,CAPE=31.0:elevated; below_sma200_cap; qqq_weak_satellite_to_spy,31.0379610780065,20.02,44.04247226734705,240.93124389648438,157.45468139648438,244.4622787743081,160.2377769767685,False,False,-0.06910668597815461,20.511000000000003,-0.008527479808203231,-0.04062125124024285,-0.019178520377081898,0.920405519447529,0.9201931536458278
2018-11-15,2018-11-14,next_open,113747.0748289356,113753.07973084145,2000.0,2000.0,2000.0,0.017582869739795972,0.5044430467362876,0.47797408352391646,0.982417130260204,0.5,0.6000000000000001,0.4,0.4,0.4,0.2,0.0,0,qqq_weak_satellite_to_spy,0.026733851660158636,elevated,CAPE=31.0:elevated; below_sma200_cap; qqq_weak_satellite_to_spy,31.0379610780065,21.25,41.765122079473,243.4457550048828,160.2091522216797,239.66505152031465,157.16871199408016,False,False,-0.07547090488873565,20.7035,-0.03637642132871277,-0.03680092966289794,-0.017007488968760587,0.9331806096704129,0.9332359468972673
2018-11-16,2018-11-15,next_open,113705.46386549823,113708.11417680315,0.0,0.0,2000.0,0.01758930426039854,0.5059399472800067,0.47647074845959486,0.9824106957396015,0.5,0.6000000000000001,0.4,0.4,0.4,0.2,0.0,0,qqq_weak_satellite_to_spy,0.017582869739795972,elevated,CAPE=30.2:elevated; below_sma200_cap; qqq_weak_satellite_to_spy,30.195583406705246,19.98,46.29891596770744,244.07884216308594,159.64683532714844,242.3489859884349,158.64606121194257,False,False,-0.06582193349715626,20.6995,-0.026493214907464258,-0.02687578864420559,-0.007487285409137123,0.932839233469857,0.9328670472463746
2018-11-19,2018-11-16,next_open,110972.86690621867,110919.88938531722,0.0,0.0,2000.0,0.01802242346041368,0.5096298522845711,0.4723477242550152,0.9819775765395863,0.5,0.6000000000000001,0.4,0.4,0.4,0.2,0.0,0,qqq_weak_satellite_to_spy,0.01758930426039854,elevated,CAPE=30.2:elevated; below_sma200_cap; qqq_weak_satellite_to_spy,30.195583406705246,18.14,47.40907210888526,239.95040893554688,154.46189880371094,243.47251856087186,158.8843542336145,False,False,-0.06339257859891156,20.612000000000002,-0.009659808806055659,-0.029873694595806244,-0.011667095017788731,0.9104210174385526,0.9099923118141406
2018-11-20,2018-11-19,next_open,108988.24453316865,108900.06189949327,0.0,0.0,2000.0,0.018350602934900335,0.5093069499272721,0.4723424471378275,0.9816493970650997,0.5,0.6000000000000001,0.4,0.4,0.4,0.2,0.0,0,qqq_weak_satellite_to_spy,0.01802242346041368,elevated,CAPE=30.2:elevated; below_sma200_cap; qqq_weak_satellite_to_spy,30.195583406705246,20.1,41.39878700840724,235.50985717773438,151.6978302001953,236.61552857103374,150.94486099092913,False,False,-0.07923467767396497,20.634999999999998,-0.025882089126016417,-0.04649443349089344,-0.028748787683391508,0.8941391823334864,0.8934215462510262
2018-11-21,2018-11-20,next_open,109568.75914357754,109492.66291319014,0.0,0.0,2000.0,0.018253378204084843,0.5083347013920488,0.47341192040386626,0.9817466217959152,1.25,0.5,0.5,0.4,0.4,0.1,0.1,1,dip_buy_satellite_balanced_or_qqq_tilt,0.018350602934900335,elevated,"CAPE=30.2:elevated; falling_knife_guard; panic_ladder_1:tier1_dip:VIX=22.5,RSI=36.1,DD=-9.6%; dip_buy_satellite_balanced_or_qqq_tilt",30.195583406705246,22.48,36.097864202661334,236.3123016357422,152.85113525390625,237.06130728135892,153.78519895897833,False,False,-0.09627447389154897,20.723499999999998,-0.03959822153879966,-0.05015353134326439,-0.03362967731114386,0.8989017221955325,0.8982832745616641
2018-11-23,2018-11-21,next_open,110819.15812960197,110729.90484089074,2000.0,2000.0,1500.0,0.013535565738965135,0.5093814999868139,0.4770829342742209,0.9864644342610349,1.25,0.45,0.55,0.4,0.4,0.05,0.15,1,dip_buy_satellite_balanced_or_qqq_tilt,0.03585233026435663,elevated,"CAPE=30.2:elevated; falling_knife_guard; panic_ladder_1:tier1_dip:VIX=20.8,RSI=37.7,DD=-9.3%; dip_buy_satellite_balanced_or_qqq_tilt",30.195583406705246,20.8,37.65151180701784,234.7340545654297,151.74551391601562,234.67163062216989,151.63113017498264,False,False,-0.0931952416730919,20.502000000000002,-0.03139514331721094,-0.04607865997611649,-0.031291331413268786,0.8927519980616744,0.8920255692446725
2018-11-26,2018-11-23,next_open,112952.53688916945,112892.7076278291,0.0,0.0,1500.0,0.013279914212744244,0.507828983972213,0.4788911018150427,0.9867200857872558,1.25,0.45,0.55,0.4,0.4,0.05,0.15,1,dip_buy_satellite_balanced_or_qqq_tilt,0.013535565738965135,elevated,"CAPE=30.2:elevated; falling_knife_guard; panic_ladder_1:tier1_dip:VIX=21.5,RSI=35.8,DD=-9.9%; dip_buy_satellite_balanced_or_qqq_tilt",30.195583406705246,21.52,35.807531729695754,238.52371215820312,155.25296020507812,236.99002589248818,153.87094584356763,False,False,-0.09925147295376768,20.366999999999997,-0.0078019304851960625,-0.049703706014929794,-0.035106722570502735,0.90993835989993,0.9094488244163883
2018-11-27,2018-11-26,next_open,113328.16728591791,113273.19530418052,0.0,0.0,1500.0,0.01323589744653348,0.5078485803464504,0.47891552220701605,0.9867641025534665,0.5,0.6000000000000001,0.4,0.4,0.4,0.2,0.0,0,qqq_weak_satellite_to_spy,0.013279914212744244,elevated,CAPE=30.2:elevated; below_sma200_cap; qqq_weak_satellite_to_spy,30.195583406705246,18.9,43.023273209547696,239.326171875,155.77720642089844,237.48931889071778,154.40471771427374,False,False,-0.08470936273026464,20.104000000000003,-0.009552449768742921,-0.0453621283403014,-0.03539905478628169,0.9129644141751095,0.9125139831607731
2018-11-28,2018-11-27,next_open,116400.07372566992,116387.34150862206,0.0,0.0,1500.0,0.012886589776009757,0.5058308175934099,0.4812825926305803,0.9871134102239902,0.5,0.6000000000000001,0.4,0.4,0.4,0.2,0.0,0,qqq_weak_satellite_to_spy,0.01323589744653348,elevated,CAPE=30.2:elevated; below_sma200_cap; qqq_weak_satellite_to_spy,30.195583406705246,19.02,44.44727395611211,244.83676147460938,160.79055786132812,240.396225565942,156.9018454584951,False,False,-0.08163007195902616,19.82,0.011570531925089389,-0.04628591154372619,-0.029464995434676622,0.9377114945376933,0.9376011359468223
2018-11-29,2018-11-28,next_open,118087.71832099423,118070.64285552915,2000.0,2000.0,1500.0,0.012702421736379019,0.5076688877026365,0.47962869056098434,0.987297578263621,1.0,0.6000000000000001,0.4,0.4,0.4,0.2,0.0,0,qqq_weak_satellite_to_spy,0.029560792403807237,elevated,CAPE=30.2:elevated; qqq_weak_satellite_to_spy,30.195583406705246,18.49,53.11333215753268,244.30172729492188,160.26637268066406,244.06095703708348,160.11388524681436,True,False,-0.06048420339643601,19.577,0.0406277222596072,-0.04360602609102171,-0.026146505579590307,0.9351951795219858,0.9350498531952461
2018-11-30,2018-11-29,next_open,118864.04825386366,118857.41197990427,0.0,0.0,1500.0,0.01261945913869918,0.5074273896248395,0.4799531512364613,0.9873805408613008,0.5,0.6000000000000001,0.4,0.4,0.4,0.2,0.0,0,qqq_weak_satellite_to_spy,0.012702421736379019,elevated,CAPE=30.2:elevated; below_sma200_cap; qqq_weak_satellite_to_spy,30.195583406705246,18.79,52.26089724185679,245.79083251953125,161.4291229248047,244.1501496182544,160.48554814859534,False,False,-0.06253729812172049,19.455,0.02319157671074734,-0.04681925954844446,-0.032829218846886166,0.9413433211006436,0.9412806006228321
2018-12-03,2018-11-30,next_open,120659.72667922184,120678.01483687214,0.0,0.0,1500.0,0.012431654217051254,0.5064949663397156,0.48107337944323325,0.9875683457829487,1.0,0.6000000000000001,0.4,0.4,0.4,0.2,0.0,0,qqq_weak_satellite_to_spy,0.01261945913869918,elevated,CAPE=30.2:elevated; qqq_weak_satellite_to_spy,30.195583406705246,18.07,54.45196530232857,249.04551696777344,164.25030517578125,249.91937072141235,164.993733691855,True,False,-0.056823132189696035,19.3915,0.018549469382840966,-0.04691455794977528,-0.035820887597383,0.9555641887001157,0.9556987014560566
2018-12-04,2018-12-03,next_open,116453.05140473355,116414.77623062706,0.0,0.0,1500.0,0.012880727313763017,0.5077866098511825,0.4793326628350545,0.987119272686237,1.0,0.5,0.5,0.4,0.4,0.1,0.1,0,neutral_satellite,0.012431654217051254,elevated,CAPE=30.2:elevated; neutral_satellite,30.195583406705246,16.44,58.89282850610258,240.97576904296875,157.95028686523438,248.21618372563074,163.39256771054104,True,True,-0.04433388248035208,19.238000000000003,0.021169366759066444,-0.04046774774320372,-0.034079208211903356,0.9222494418792656,0.9219363661583363
2018-12-06,2018-12-04,next_open,118775.84609055126,118766.58642239464,2000.0,2000.0,2500.0,0.021048050443640474,0.5022192830457527,0.47673266651060686,0.9789519495563596,0.5,0.6000000000000001,0.4,0.4,0.4,0.2,0.0,0,qqq_weak_satellite_to_spy,0.029547571451250393,elevated,CAPE=30.2:elevated; below_sma200_cap; qqq_weak_satellite_to_spy,30.195583406705246,20.74,46.72789513360688,240.6101837158203,159.06539916992188,237.11482416580566,154.76685474480573,False,False,-0.07530004787275402,19.276999999999997,-0.006031875406152576,-0.036495713911550376,-0.03761058103687365,0.9248058130112021,0.9247224953790215
2018-12-07,2018-12-06,next_open,115520.32026313219,115435.44526271432,0.0,0.0,2500.0,0.021641214240970767,0.5043743245603799,0.4739844611986494,0.9783587857590292,0.5,0.6000000000000001,0.4,0.4,0.4,0.2,0.0,0,qqq_weak_satellite_to_spy,0.021048050443640474,elevated,CAPE=30.2:elevated; below_sma200_cap; qqq_weak_satellite_to_spy,30.195583406705246,21.19,46.26168443577873,235.01947021484375,153.81375122070312,240.2714370985629,158.3696411750251,False,False,-0.07670291396113782,19.341,-0.012985285567181926,-0.022404856402981288,-0.02149217669697312,0.8994578209008368,0.8987860661321292
2018-12-10,2018-12-07,next_open,116204.2381320328,116138.9867866682,0.0,0.0,2500.0,0.02151384527954537,0.5023568416606519,0.4761293130598029,0.9784861547204546,1.25,0.45,0.55,0.4,0.4,0.05,0.15,1,dip_buy_satellite_balanced_or_qqq_tilt,0.021641214240970767,elevated,"CAPE=30.2:elevated; falling_knife_guard; panic_ladder_1:tier1_dip:VIX=23.2,RSI=39.7,DD=-9.8%; dip_buy_satellite_balanced_or_qqq_tilt",30.195583406705246,23.23,39.73306636898097,235.46522521972656,155.42453002929688,234.8410402406926,153.52782521149555,False,False,-0.09815624317860094,19.6845,-0.04198131301285046,-0.03034036124660744,-0.028481299237696933,0.9047829037489045,0.90426387511217
2018-12-11,2018-12-10,next_open,116400.73233673576,116341.50123969624,0.0,0.0,2500.0,0.02147752810324035,0.5016228931347444,0.47689957876201533,0.9785224718967597,0.5,0.6000000000000001,0.4,0.4,0.4,0.2,0.0,0,qqq_weak_satellite_to_spy,0.02151384527954537,elevated,CAPE=30.2:elevated; below_sma200_cap; qqq_weak_satellite_to_spy,30.195583406705246,22.64,40.45460842651996,235.51878356933594,155.939208984375,238.666404071104,157.9598089500964,False,False,-0.09644574077700008,19.9805,-0.06028271446713285,-0.02362901922282712,-0.021498977975859423,0.9063128358749512,0.9058406626245128
2018-12-12,2018-12-11,next_open,117183.30800817945,117143.06441442377,0.0,0.0,2500.0,0.021334096489454786,0.5007818143723216,0.4778840891382237,0.9786659035105452,0.5,0.6000000000000001,0.4,0.4,0.4,0.2,0.0,0,qqq_weak_satellite_to_spy,0.02147752810324035,elevated,CAPE=30.2:elevated; below_sma200_cap; qqq_weak_satellite_to_spy,30.195583406705246,21.76,40.546711490477584,236.70465087890625,157.3116912841797,238.49693097816925,158.21714795718518,False,False,-0.0962402205144588,20.2005,-0.058359822562429664,-0.024901349984594146,-0.022355589471609538,0.9124060825567767,0.9120816730085429
2018-12-13,2018-12-12,next_open,119173.82683961095,119126.96362345325,2000.0,2000.0,3500.0,0.02936886473160289,0.4972559138813686,0.47337522138702853,0.9706311352683971,0.5,0.6000000000000001,0.4,0.4,0.4,0.2,0.0,0,qqq_weak_satellite_to_spy,0.03775696509188324,elevated,CAPE=30.2:elevated; below_sma200_cap; qqq_weak_satellite_to_spy,30.195583406705246,21.46,42.661494845744656,236.62440490722656,157.359375,237.64982837788833,158.34108280235645,False,False,-0.09168967400621875,20.250999999999998,-0.04428297331113862,-0.018115065119127527,-0.02176779340205892,0.9123322608152787,0.9119563114565077
2018-12-14,2018-12-13,next_open,116705.96862661658,116581.28030935282,0.0,0.0,3500.0,0.029989897185102248,0.4983949524553915,0.4716151503595063,0.9700101028148977,0.5,0.6000000000000001,0.4,0.4,0.4,0.2,0.0,0,qqq_weak_satellite_to_spy,0.02936886473160289,elevated,CAPE=30.2:elevated; below_sma200_cap; qqq_weak_satellite_to_spy,30.195583406705246,20.65,42.55119533321661,232.2551727294922,153.52780151367188,234.47544035827565,155.55794158788527,False,False,-0.0919976030833426,20.2825,-0.02641522440472266,-0.02211708132050627,-0.028510313922167407,0.8934396337801256,0.8924682636237637
2018-12-17,2018-12-14,next_open,114317.68184332736,114119.68451316578,0.0,0.0,3500.0,0.030616436089009904,0.49882537382173026,0.47055819008925975,0.9693835639109901,1.25,0.45,0.55,0.4,0.4,0.05,0.15,1,dip_buy_satellite_balanced_or_qqq_tilt,0.029989897185102248,fair,"CAPE=28.3:fair; falling_knife_guard; panic_ladder_1:tier1_dip:VIX=21.6,RSI=36.9,DD=-10.9%; dip_buy_satellite_balanced_or_qqq_tilt",28.291857012072875,21.63,36.94957647503904,227.69874572753906,150.0489501953125,231.30111650527016,152.87017817378,False,False,-0.10876372360089304,20.301499999999997,-0.042601055379164254,-0.024959147736905773,-0.0321878418803343,0.8751561638416636,0.8736239335551879
2018-12-18,2018-12-17,next_open,114593.42313726536,114408.63494599692,0.0,0.0,3500.0,0.0305427650573588,0.4970793749978738,0.47237785994476744,0.9694572349426412,1.25,0.45,0.55,0.4,0.4,0.05,0.15,1,dip_buy_satellite_balanced_or_qqq_tilt,0.030616436089009904,fair,"CAPE=28.3:fair; falling_knife_guard; panic_ladder_1:tier1_dip:VIX=24.5,RSI=32.2,DD=-12.6%; dip_buy_satellite_balanced_or_qqq_tilt",28.291857012072875,24.52,32.19039683211432,227.4490509033203,150.99252319335938,229.33941606115198,151.2117356389231,False,False,-0.12624816964005492,20.5285,-0.05492230046606417,-0.0190009321846496,-0.03661808954014967,0.8772670944442125,0.8758359446977817
2018-12-19,2018-12-18,next_open,112411.19625432088,112154.79306929137,0.0,0.0,3500.0,0.031135688584627678,0.4991405120265663,0.469723799388806,0.9688643114153723,1.25,0.6000000000000001,0.4,0.4,0.4,0.2,0.0,2,risk_off_satellite_to_spy,0.0305427650573588,fair,"CAPE=28.3:fair; falling_knife_guard; panic_ladder_2:tier1_dip:VIX=25.6,RSI=31.9,DD=-12.7%,tier2_panic:VIX=25.6,RSI=31.9,DD=-12.7%; risk_off_satellite_to_spy",28.291857012072875,25.58,31.94755135624223,224.0428466796875,147.28494262695312,227.52930839320615,150.76380851628912,False,False,-0.12720632735407944,20.9005,-0.06570952161906318,-0.014537516591669353,-0.03046901593901552,0.8605611109365412,0.8585820396038559
2018-12-20,2018-12-19,next_open,112700.51044238887,112401.41923192126,2000.0,2000.0,3000.0,0.02661922282537987,0.5029015768262265,0.4704792003483937,0.9733807771746201,1.25,0.6000000000000001,0.4,0.4,0.4,0.2,0.0,2,risk_off_satellite_to_spy,0.048072218279880854,fair,"CAPE=28.3:fair; falling_knife_guard; panic_ladder_2:tier1_dip:VIX=25.6,RSI=28.8,DD=-14.0%,tier2_panic:VIX=25.6,RSI=28.8,DD=-14.0%; risk_off_satellite_to_spy",28.291857012072875,25.58,28.7601241890533,220.3958740234375,145.14990234375,222.79448810925254,146.9226971356218,False,False,-0.14027700618223682,21.174500000000002,-0.08208821094788299,-0.02233217360227646,-0.045041825597658236,0.8474649983442601,0.8451593828962893
2018-12-21,2018-12-20,next_open,109895.85915017154,109518.27164944817,0.0,0.0,3000.0,0.027298571786044563,0.50516896809898,0.46753246011497546,0.9727014282139554,1.25,0.6000000000000001,0.4,0.4,0.4,0.2,0.0,2,risk_off_satellite_to_spy,0.02661922282537987,fair,"CAPE=28.3:fair; falling_knife_guard; panic_ladder_2:tier1_dip:VIX=28.4,RSI=25.8,DD=-15.4%,tier2_panic:VIX=28.4,RSI=25.8,DD=-15.4%; risk_off_satellite_to_spy",28.291857012072875,28.38,25.79290604176559,215.8800811767578,140.65122985839844,221.2972708382368,145.87429755808162,False,False,-0.15427158934732854,21.4695,-0.0814940678736743,-0.023421326645430174,-0.040976397729924785,0.8263750867423939,0.8234806599028178
2018-12-24,2018-12-21,next_open,107237.2840367363,106711.44142358995,0.0,0.0,8093.011566580138,0.07546826310714577,0.5040138901555884,0.42051784673726583,0.9245317368928543,1.25,0.6000000000000001,0.4,0.4,0.4,0.2,0.0,2,risk_off_satellite_to_spy,0.027298571786044563,fair,"CAPE=28.3:fair; falling_knife_guard; panic_ladder_2:tier1_dip:VIX=30.1,RSI=22.7,DD=-17.2%,tier2_panic:VIX=30.1,RSI=22.7,DD=-17.2%; risk_off_satellite_to_spy; monthly_risk_off_trim",28.291857012072875,30.11,22.673553269619347,210.17588806152344,137.1633758544922,214.39124202550883,139.6294508430513,False,False,-0.17160010932975334,21.935,-0.08335012485767157,-0.02946951606376158,-0.0474167289685965,0.8063836124778898,0.8023757760161978
2018-12-26,2018-12-24,next_open,112783.79464858645,112724.79896458515,0.0,0.0,8093.011566580138,0.07175686535283259,0.5034401622532069,0.4248029723939606,0.9282431346471675,1.25,0.6000000000000001,0.4,0.4,0.4,0.2,0.0,2,risk_off_satellite_to_spy,0.07546826310714577,fair,"CAPE=28.3:fair; falling_knife_guard; panic_ladder_2:tier1_dip:VIX=36.1,RSI=19.5,DD=-19.3%,tier2_panic:VIX=36.1,RSI=19.5,DD=-19.3%; risk_off_satellite_to_spy; monthly_risk_off_trim",28.291857012072875,36.07,19.470360336346317,220.79495239257812,145.72772216796875,211.63777210042687,138.67360139005768,False,False,-0.19348889558212234,22.6625,-0.11060115530720904,-0.033766531894274365,-0.03712184689759779,0.8480912639165303,0.8475909128286245
2018-12-27,2018-12-26,next_open,115453.13552406183,115416.55400909847,2000.0,2000.0,7593.011566580139,0.06576704506217299,0.5088430626371474,0.4253898923006796,0.9342329549378271,1.25,0.6000000000000001,0.4,0.4,0.4,0.2,0.0,2,risk_off_satellite_to_spy,0.08793063164952991,fair,"CAPE=28.3:fair; falling_knife_guard; panic_ladder_2:tier1_dip:VIX=30.4,RSI=37.2,DD=-15.3%,tier2_panic:VIX=30.4,RSI=37.2,DD=-15.3%; risk_off_satellite_to_spy; monthly_risk_off_trim",28.291857012072875,30.41,37.24460948587224,222.49009704589844,146.2916717529297,217.5572333476557,143.73000672031404,False,False,-0.15274019990387977,23.238,-0.059382530577667736,-0.025039837935288856,-0.028015978261914598,0.853124452867493,0.8527922997019519
2018-12-28,2018-12-27,next_open,115351.67802783409,115311.15271821988,0.0,0.0,7593.011566580139,0.0658248904255035,0.5086336873850636,0.4255414221894328,0.9341751095744965,1.25,0.6000000000000001,0.4,0.4,0.4,0.2,0.0,1,risk_off_satellite_to_spy,0.06576704506217299,fair,"CAPE=28.3:fair; falling_knife_guard; panic_ladder_1:tier1_dip:VIX=30.0,RSI=39.5,DD=-14.6%; risk_off_satellite_to_spy",28.291857012072875,29.96,39.5387388577894,222.20310974121094,146.21517944335938,223.84440983280513,147.34306621497728,False,False,-0.14623539576527544,23.785,-0.06722021457418137,-0.03231316007162133,-0.026471213495575463,0.8523747471919763,0.852013508392407
2018-12-31,2018-12-28,next_open,116279.5269993964,116302.69027903679,0.0,0.0,7593.011566580139,0.06529964270167313,0.5089944872584319,0.42570587003989496,0.9347003572983268,1.25,0.6000000000000001,0.4,0.4,0.4,0.2,0.0,1,risk_off_satellite_to_spy,0.0658248904255035,fair,"CAPE=28.3:fair; falling_knife_guard; panic_ladder_1:tier1_dip:VIX=28.3,RSI=39.3,DD=-14.7%; risk_off_satellite_to_spy",28.291857012072875,28.34,39.27695355019357,224.14932250976562,147.4482421875,223.82644361450068,147.64897550728446,False,False,-0.1473366564769213,24.277499999999996,-0.07154696872322197,-0.03701676353822558,-0.028509546540903652,0.8592309546272676,0.8593398023022326
